이름,전화번호,이메일,주소,생년월일
권영자,051-876-4759,ujingweon@minbag.net,전라북도 안양시 동안구 오금거리,19860805
김시우,016-387-7840,ojunho@yuhanhoesa.net,인천광역시 영등포구 언주길,19560605
박미경,053-871-4841,hyeonsugjo@naver.com,강원도 계룡시 삼성342길 (도윤나면),19481225
김정훈,041-018-6848,jiweoncoe@coebagjang.net,부산광역시 노원구 서초중앙거리 (영진서동),19510719
이보람,061-012-3098,gimseungmin@yuhanhoesa.kr,인천광역시 동대문구 서초중앙길,19630518
김정순,010-6914-1314,ggim@dreamwiz.com,부산광역시 강남구 논현57길,19501109
김지연,018-225-8419,gyeongsujang@naver.com,울산광역시 서구 테헤란071거리 (민서김리),19620914
이성호,017-924-6610,seonghyeon37@ojangyang.com,경상북도 단양군 역삼가 (영호김마을),19861002
백은영,02-0754-7063,hyeonjii@igimo.com,인천광역시 성동구 양재천거리,19760313
김예은,055-104-7142,munyejun@gmail.com,서울특별시 중랑구 잠실59로,19830822
성은영,063-765-8236,gimyeonghwan@nate.com,부산광역시 노원구 도산대거리 (성진최면),19970611
최성민,063-304-2814,jaeho11@dreamwiz.com,전라남도 가평군 서초중앙로 (지훈이서읍),19611130
강영미,017-111-3306,imisug@heoano.com,강원도 양주시 강남대길 (승현김류동),19830919
박정숙,033-764-3039,gimjunseo@ju.kr,경상북도 청양군 서초대57가,19721206
양유진,044-055-5082,jeongjacoe@dreamwiz.com,부산광역시 구로구 학동길,19470309
이정훈,062-522-7586,jangeunju@yuhanhoesa.kr,경상남도 의정부시 압구정로 (재호최면),19920722
고진우,052-666-0223,minseog07@live.com,경상남도 당진시 오금길,19490612
이경희,062-670-1720,sugjagim@giman.org,강원도 성남시 중원구 백제고분519거리 (하은이면),19531224
문정순,033-830-6753,eunyeong10@gmail.com,전라북도 수원시 팔달구 언주로 (미경노김마을),20000902
김동현,032-162-0766,uheo@gimgim.com,대전광역시 은평구 압구정길,19750201
김하윤,043-031-0450,seungmingim@ogim.com,전라남도 연천군 양재천85길,19480507
김옥자,052-262-2358,yujini@janggojo.kr,부산광역시 광진구 양재천629가,19671223
이상호,017-580-6606,sgim@dreamwiz.com,대구광역시 동구 강남대로,19670105
임지우,062-626-6237,jeonghungang@daum.net,충청남도 김포시 반포대가 (영수김면),19610822
김정자,063-173-8640,jiyeong00@ison.net,경상남도 부천시 영동대39로 (민재이마을),19870922
박상호,042-164-4829,isugja@seobaei.kr,대구광역시 동대문구 봉은사가 (서현김장면),19720210
서서윤,063-857-0742,sonyeongsu@nate.com,경상북도 수원시 오금로 (건우김강면),19701207
한지민,044-294-3167,agim@live.com,경상남도 제천시 서초대거리,20051226
백시우,055-676-3373,ogim@jusighoesa.com,부산광역시 강남구 영동대70가 (명숙한김면),19451114
김성현,052-021-6396,mgim@ju.com,서울특별시 구로구 논현거리 (영길박읍),19640715
김지민,052-486-4753,cunja10@bagiheo.kr,경상남도 속초시 학동로 (상철권리),19881016
김은영,061-860-2373,cunja56@yu.org,제주특별자치도 당진시 잠실443로 (수빈오읍),19601026
김수빈,070-0886-0164,yeongsig84@jusighoesa.com,인천광역시 은평구 양재천220거리 (서윤김김리),19581022
김현준,041-379-3323,sumin27@daum.net,대전광역시 강서구 양재천3길,19970306
박현정,063-851-4296,eunyeong60@ju.net,전라남도 속초시 강남대거리,19500605
이아름,010-0250-7003,gimareum@ju.com,경상북도 평택시 양재천5가 (경수손박리),19840907
최미영,055-208-2982,yeongil23@jusighoesa.net,울산광역시 남구 백제고분가,19930531
강경희,053-600-7154,wgim@yuhanhoesa.org,경상북도 수원시 서초대87로 (춘자김이동),19540228
박경수,070-0494-3885,yeonggil95@hanmail.net,대구광역시 남구 삼성로 (서연곽면),19610324
이영식,055-962-0290,jeonghogim@dreamwiz.com,인천광역시 용산구 강남대8길 (아름김동),20030928
강유진,055-644-4064,hyeonji36@hotmail.com,대구광역시 동구 영동대08가,19791211
안지연,02-5823-5703,seungmin61@gimomun.org,인천광역시 동대문구 학동64거리,19581109
권성현,053-140-7043,oi@live.com,세종특별자치시 은평구 석촌호수거리,19750309
김영수,064-720-1955,gimsangho@gimnamhong.com,울산광역시 북구 가락거리 (영숙최이면),19660211
김하윤,063-080-8625,coeeunji@yu.net,광주광역시 구로구 테헤란82로 (순옥김면),20031120
김은지,062-937-8252,jeongjeongsug@nate.com,부산광역시 성동구 백제고분97거리,19450201
박혜진,017-125-0220,donghyeonyun@naver.com,경기도 계룡시 영동대로 (민석이배면),19960607
최지원,061-207-4361,gimjeonghun@hotmail.com,경기도 용인시 수지구 잠실771로 (은영고이마을),19610528
류성진,033-702-8400,seongjin82@hotmail.com,충청북도 청양군 백제고분거리,19721230
박춘자,018-603-3452,yeongsig67@yanggim.kr,대구광역시 영등포구 오금가,19830917
김민서,02-5800-0199,yeongsugi@yuhanhoesa.com,전라남도 양구군 잠실가,19790912
이재호,033-663-7636,li@yu.com,충청남도 의왕시 백제고분거리 (현숙김양동),19810819
이정훈,070-6617-9722,li@naver.com,대전광역시 은평구 가락거리,19530224
강지아,043-429-5460,agim@naver.com,충청남도 양평군 테헤란로 (성호이이동),19920924
한미경,061-882-2232,bagjeongsug@baegang.com,부산광역시 동구 강남대5거리 (지현나마을),19661212
양현준,054-678-4661,geonucoe@jusighoesa.com,경상북도 안양시 압구정로,19930124
류예지,033-759-4732,doyunyun@yuhanhoesa.com,경상북도 시흥시 석촌호수길 (성호박김리),19830211
김은서,053-387-0791,zcoe@dreamwiz.com,대구광역시 성북구 역삼92가 (현숙박마을),19881226
최수민,044-142-5120,geonumun@ogimbag.com,부산광역시 서초구 언주길 (정자이김리),19800825
곽지훈,032-149-6356,ujingim@janghwangi.kr,강원도 춘천시 서초대35거리,19701012
이승민,019-417-4172,ogsunnam@nate.com,충청남도 부천시 원미구 개포87길 (명자박이동),20070329
이중수,044-609-0614,seonghun25@jusighoesa.com,인천광역시 용산구 논현8가,19571231
김상호,061-670-6360,coeyeweon@nate.com,충청북도 계룡시 강남대로 (예준한마을),19640827
김서영,018-536-8818,cgim@gimcoegim.com,강원도 보령시 언주35가 (광수오김리),19501027
황서윤,044-477-2374,jjo@daum.net,전라북도 인제군 도산대길,19740827
이우진,042-763-6732,aneunju@nate.com,전라남도 안산시 단원구 테헤란979길,19880712
김예지,016-583-0002,nyang@ju.org,전라북도 청주시 흥덕구 서초중앙325거리 (준혁진이리),19870815
김민석,041-678-3500,byeongceoli@live.com,경기도 청주시 상당구 서초대가,19620917
정도윤,016-703-6954,hwangyeongil@yu.com,경상북도 의정부시 언주410길,19600625
최영식,064-776-5601,yunseoson@daum.net,충청남도 수원시 영통구 강남대15거리 (수빈윤신마을),19981109
이유진,042-704-5251,gimsanghyeon@daum.net,경상남도 수원시 영통구 영동대로,19880529
오혜진,019-363-9752,hyeonjeong83@hanmail.net,전라남도 부천시 오정구 잠실015거리 (도현강이동),19620306
이상철,010-5716-8861,leom@gimi.net,서울특별시 종로구 가락거리 (지연장면),20051029
윤수빈,019-382-4906,seoyun45@dreamwiz.com,강원도 동해시 역삼037가 (영일이읍),19970204
성경숙,054-861-8374,si@gmail.com,제주특별자치도 광주시 언주길,19650315
이민재,010-4802-3623,ogjabag@ango.net,세종특별자치시 동구 도산대가,19500214
박상철,010-8712-1801,ogjabag@nau.net,전라북도 옥천군 역삼길 (지민권동),19690525
김예원,062-298-4092,juweon48@naver.com,경기도 평창군 백제고분가,19540323
이민수,052-559-6696,seungmingim@hotmail.com,제주특별자치도 괴산군 삼성64가,19741224
박지우,043-471-0391,ryuyeongsu@hotmail.com,전라남도 금산군 압구정009길,19460223
이지은,055-755-1961,gyeongsubag@seomun.kr,전라남도 안산시 단원구 서초중앙길,19700825
박은서,044-006-9028,oi@ju.com,광주광역시 강서구 백제고분41가 (지원박마을),19880220
조영자,042-962-1912,yeongja16@naver.com,부산광역시 관악구 서초대100로 (지우이리),19741019
이지은,032-693-0360,ugim@ison.org,세종특별자치시 북구 잠실길,19471124
최민지,032-974-4436,bageunseo@yu.com,대전광역시 종로구 테헤란91로,19870504
김성진,063-788-1157,jjeong@live.com,인천광역시 광진구 서초대21길,19970320
이영호,018-184-9457,ogja97@nate.com,제주특별자치도 수원시 영통구 영동대80길,19961105
박아름,016-380-8810,noseonghun@naver.com,경상남도 괴산군 압구정375길 (윤서박읍),19631012
한정순,011-730-7992,seoyeong69@hotmail.com,경상북도 구리시 개포33거리 (미정문면),19790203
김순옥,017-253-2482,sbag@yu.net,세종특별자치시 북구 양재천가,19860909
김준혁,053-003-3928,gimujin@dreamwiz.com,전라남도 청주시 서원구 도산대0거리 (윤서강마을),19961122
최승현,063-531-1180,baeyeongil@gmail.com,광주광역시 용산구 테헤란983거리,19730316
백예준,044-223-4742,minjunbae@live.com,충청남도 논산시 영동대가,19760322
권지아,032-949-3023,fgim@yu.net,충청남도 예산군 오금315가 (정훈최이면),19851216
김영미,011-182-7264,ogsuni@igim.org,경상북도 천안시 서북구 잠실길 (재호박마을),20010921
김서영,032-186-1872,yeongilgim@isoncoe.kr,충청남도 정선군 논현로,19830129
조유진,064-796-9647,jeongho30@yuhanhoesa.net,경기도 평택시 반포대가,19941218
이재호,055-541-9175,jiai@ju.com,대구광역시 성동구 삼성153길 (미영이오리),19790731
김도현,017-283-9752,ni@jusighoesa.com,광주광역시 강동구 석촌호수5로,19570810
김광수,019-917-4948,yeongilgim@hotmail.com,충청남도 수원시 테헤란길 (정희송마을),19550409
